filename,file_size_mb,source_post,drive_url
38-HOP-CHAT-HUU-CO-HOA-HOC-HUU-CO-FB-Tham-Nguyen-DAP-AN.docx,6.72,vo-ghi-bai-hoc-hoa-11-kntt-ca-nam,
38-HOP-CHAT-HUU-CO-HOA-HOC-HUU-CO-FB-Tham-Nguyen-VO-GHI.docx,6.94,vo-ghi-bai-hoc-hoa-11-kntt-ca-nam,
Bai-5-Cau-tao-bang-tuan-hoan-cac-nguyen-to-hoa-hoc-Hoa10-KNTT-TV_STEM.pptx,44.82,giao-an-powerpoint-hoa-hoc-10-kntt-ca-nam,
Bai-13-Lien-ket-hidrogen-va-tuong-tac-Van-der-Waals-Hoa10-KNTT.pptx,20.79,giao-an-powerpoint-hoa-hoc-10-kntt-ca-nam,
Bai-16-Ontapchuong4-HOA-10-KNTT.ppt,9.62,giao-an-powerpoint-hoa-hoc-10-kntt-ca-nam,
Bai-10-Quy-tac-octet-Hoa10-KNTT.pptx,5.54,giao-an-powerpoint-hoa-hoc-10-kntt-ca-nam,
Bai6-XuHuongBienDoiTinhChatBTH-Hoa10-KNTT-TV_STEM.ppt,5.88,giao-an-powerpoint-hoa-hoc-10-kntt-ca-nam,
Bai-15-Phan-ung-oxi-hoa-khu-Hoa10-KNTT.pptx,60.73,giao-an-powerpoint-hoa-hoc-10-kntt-ca-nam,
Bai-19-Toc-do-phan-ung-Hoa10-KNTT-tiet12.pptx,30.19,giao-an-powerpoint-hoa-hoc-10-kntt-ca-nam,
BAI-4-ON-TAP-CHUONG-1-Hoa10-KNTT-TV_STEM.pptx,23.87,giao-an-powerpoint-hoa-hoc-10-kntt-ca-nam,
Bai-22-Hydrogen-Halide-Muoi-Halide-Hoa10-KNTT.pptx,62.08,giao-an-powerpoint-hoa-hoc-10-kntt-ca-nam,
Bai-1-HOA-HOC-10-KNTT-TV_STEM.pptx,11.32,giao-an-powerpoint-hoa-hoc-10-kntt-ca-nam,
Bai6-XuHuongBienDoiTinhChatBTH-Hoa10-KNTT-TV_STEM.doc,5.04,giao-an-powerpoint-hoa-hoc-10-kntt-ca-nam,
Bai-18-ON-TAP-CHUONG-5-Hoa10-KNTT.pptx,8.43,giao-an-powerpoint-hoa-hoc-10-kntt-ca-nam,
BAI-17-BienThienEnthalpy-Hoa-Hoc-10-KNTT.docx.pptx,41.49,giao-an-powerpoint-hoa-hoc-10-kntt-ca-nam,
Bai-23-On-tap-chuong-7-Halogen-Hoa10-KNTT.pptx,6.61,giao-an-powerpoint-hoa-hoc-10-kntt-ca-nam,
BAI-3-CAU-TRUC-LOP-VO-ELECTRON-NGUYEN-TU-Hoa10-KNTT-TV_STEM.pptx,6.93,giao-an-powerpoint-hoa-hoc-10-kntt-ca-nam,
CHUYEN-DE-01-KNTT-CO-SO-HOA-HOC-PHAM-THI-THOM.pptx,14.06,giao-an-powerpoint-hoa-hoc-10-kntt-ca-nam,
Bai-11-Lienketion-Hoa10-KNTT.pptx,34.17,giao-an-powerpoint-hoa-hoc-10-kntt-ca-nam,
HSG12-TPHCM-2023-HDG.pdf,5.58,de-thi-hsg-lop-12-mon-hoa-thanh-pho-ho-chi-minh-nam-2022-2023,
chuyen-de-xac-suat-co-dieu-kien-toan-12-chuong-trinh-moi-phan-nhat-linh.pdf,7.59,tong-hop-xac-suat-co-dieu-kien-pdf-lop-12,
Bài-16.-Hàm-số-bậc-hai-giasu.ai.vn.docx,6.76,giao-an-toan-10-ket-noi-tri-thuc,
Chương-3-Bài-2-Hàm-số-bậc-hai-Dồ-thị-hàm-số-bậc-2-và-ứng-dụngo2.edu_.vn_.docx,6.55,giao-an-toan-10-canh-dieu-file-word,
giao-an-CONG-NGHE-6-KET-NOI-TRI-THUC-VOI-CUOC-SONG.doc,26.53,tong-hop-tai-lieu-thu-vien-stem-steam,
Toan-7-8-9-20210830T023759Z-001-1.zip,13.96,tong-hop-tai-lieu-thu-vien-stem-steam,
giao-an-khtn-LOP-6-hay-nhat.doc,7.83,tong-hop-tai-lieu-thu-vien-stem-steam,
